task_id,classification,created_month,final_status,completion_month,event_count,admission_deferred_count
audit-charter,work,2026-08,succeeded,2026-08-08,10,0
t_5ecd8c86feb6,work,2026-08,succeeded,2026-08-08,4,0
t_3063f9e014ca,work,2026-08,succeeded,2026-08-08,4,0
t_929fc61788dc,work,2026-08,succeeded,2026-08-08,11,0
t_b58d59e32cc1,work,2026-08,succeeded,2026-08-08,4,0
t_d1ecd9158816,work,2026-08,succeeded,2026-08-08,4,0
t_98eaf661c0c5,work,2026-08,succeeded,2026-08-08,4,0
t_bc8f28e5b820,work,2026-08,succeeded,2026-08-08,4,0
t_80be0bfef6f9,work,2026-08,succeeded,2026-08-08,4,0
t_340972a85c11,work,2026-08,succeeded,2026-08-08,4,0
t_0f08068c28e1,work,2026-08,succeeded,2026-08-08,5,1
t_c59d6f117388,work,2026-08,succeeded,2026-08-08,4,0
t_200b91dcac2d,work,2026-08,succeeded,2026-08-08,4,0
t_dc9a7df3eaf4,work,2026-08,succeeded,2026-08-08,4,0
t_6359c28ed95a,work,2026-08,succeeded,2026-08-08,5,1
t_e7188a4c34c9,work,2026-08,succeeded,2026-08-08,4,0
t_4950b2f01510,work,2026-08,succeeded,2026-08-08,4,0
t_e94c07d61324,work,2026-08,succeeded,2026-08-08,4,0
t_b80629a467c6,work,2026-08,succeeded,2026-08-09,13,0
t_6b5dd6d2059f,work,2026-08,abandoned,,5,0
t_aa705f6a09bb,work,2026-08,abandoned,,5,0
t_ed4efc331192,work,2026-08,abandoned,,6,0
t_bf9cb030329c,work,2026-08,succeeded,2026-08-09,6,0
t_b47ddfd6afd2,work,2026-08,other/open,,2,0
t_344cd61f9c2a,work,2026-08,abandoned,,1,0
t_53df4d875169,work,2026-08,abandoned,,1,0
t_d6e82c17435d,work,2026-08,succeeded,2026-08-09,4,0
t_1bf80560b464,work,2026-08,succeeded,2026-08-09,4,0
t_aff5d173d0c2,work,2026-08,succeeded,2026-08-09,4,0
t_bc4515e967bf,work,2026-08,succeeded,2026-08-09,4,0
t_3936f8927f5c,work,2026-08,succeeded,2026-08-09,4,0
t_01a250acb02e,work,2026-08,succeeded,2026-08-09,4,0
t_8e98604ab3d2,work,2026-08,succeeded,2026-08-09,11,0
t_9506a862dda1,work,2026-08,succeeded,2026-08-09,4,0
t_6a83f0d8d95a,work,2026-08,succeeded,2026-08-10,4,0
t_fcbb7af1d347,work,2026-08,succeeded,2026-08-10,8,0
t_5d0e1f100292,work,2026-08,succeeded,2026-08-10,4,0
t_aca598b3eb7d,work,2026-08,succeeded,2026-09-09,17,0
t_e656a3a9ce81,work,2026-08,succeeded,2026-08-17,9,0
t_c688f7f07197,work,2026-08,succeeded,2026-08-17,9,0
t_1fd056e05031,work,2026-08,succeeded,2026-08-17,9,0
t_2848ac5d7368,work,2026-08,succeeded,2026-09-10,27,0
t_7bb367bea8a0,work,2026-08,succeeded,2026-08-17,10,0
t_e2c458237e91,work,2026-08,succeeded,2026-08-17,4,0
t_7f854c1482fb,work,2026-08,succeeded,2026-08-19,12,0
t_348b5d4ead06,work,2026-08,succeeded,2026-08-21,4,0
t_53f00278e38d,work,2026-08,succeeded,2026-08-30,10,0
t_1b371efb4bdd,work,2026-09,succeeded,2026-09-03,4,0
t_93078fa6f095,work,2026-09,succeeded,2026-09-04,10,0
t_e28983ccc3fb,work,2026-09,succeeded,2026-09-03,5,1
t_e90722aa29b2,work,2026-09,succeeded,2026-09-03,5,1
t_eb6019f3ea7a,work,2026-09,succeeded,2026-09-03,4,0
t_83228301efde,work,2026-09,succeeded,2026-09-03,4,0
t_8aafe657bf39,work,2026-09,succeeded,2026-09-04,442,437
t_9504cfe79c13,work,2026-09,succeeded,2026-09-04,385,380
t_4d16020c1a1a,work,2026-09,succeeded,2026-09-04,5,0
t_4d1a1c1e35db,work,2026-09,succeeded,2026-09-04,5,0
t_b79e0dea4d0a,work,2026-09,succeeded,2026-09-04,5,0
t_ca9856c0c80c,work,2026-09,succeeded,2026-09-04,5,0
t_337b574c7195,work,2026-09,succeeded,2026-09-04,4,0
t_8cf0a12a6669,work,2026-09,succeeded,2026-09-04,12,1
t_d72b57296f8b,work,2026-09,succeeded,2026-09-04,4,0
t_d6498f0f7b95,work,2026-09,succeeded,2026-09-04,15,0
t_160d51662a80,work,2026-09,succeeded,2026-09-04,4,0
t_9238b86ab913,work,2026-09,succeeded,2026-09-05,7,3
t_2e67107859cd,work,2026-09,succeeded,2026-09-05,4,0
t_8f31f25709b2,work,2026-09,failed,,5,0
t_9fefa75e67cb,work,2026-09,succeeded,2026-09-05,4,0
t_3d7dc0771a0f,work,2026-09,succeeded,2026-09-06,4,0
t_1449f0dc5c0d,work,2026-09,succeeded,2026-09-06,4,0
t_a5efdc0b844b,work,2026-09,succeeded,2026-09-09,4,0
t_e4aa082f2db7,work,2026-09,succeeded,2026-09-09,4,0
t_b9cf9e113166,work,2026-09,succeeded,2026-09-10,4,0
t_5377b86be3ab,work,2026-09,succeeded,2026-09-10,5,1
t_4f0181fa7906,work,2026-09,succeeded,2026-09-12,17,2
t_7b8f62ec6042,work,2026-09,succeeded,2026-09-15,10,0
t_d0485b90726b,work,2026-09,succeeded,2026-09-13,4,0
t_a6859bf1c943,work,2026-09,succeeded,2026-09-13,4,0
t_f40bc1dd5ad4,work,2026-09,succeeded,2026-09-14,11,0
t_40029bfcca61,work,2026-09,succeeded,2026-09-14,10,0
restore-reliable-main-baseline,work,2026-09,succeeded,2026-09-14,15,0
t_917330fab28b,work,2026-09,succeeded,2026-09-14,14,0
t_3d1f5bd66b9a,work,2026-09,succeeded,2026-09-14,4,0
t_d617b1ed71f9,work,2026-09,succeeded,2026-09-14,4,0
t_ca7c60957cdd,work,2026-09,succeeded,2026-09-14,4,0
t_0ae7de37bed2,work,2026-09,succeeded,2026-09-15,4,0
t_672de942b9ae,work,2026-09,succeeded,2026-09-15,279,275
t_9eedaef18c9b,work,2026-09,succeeded,2026-09-15,5,1
t_af2ec59b6c5d,work,2026-09,succeeded,2026-09-15,442,438
t_c2f597beb0d6,work,2026-09,succeeded,2026-09-15,856,852
t_de697cdd28b2,work,2026-09,succeeded,2026-09-15,4,0
t_4c20a07152b8,work,2026-09,succeeded,2026-09-15,4,0
t_dc9deda44e6c,work,2026-09,succeeded,2026-09-15,4,0
t_edf1c3325fea,work,2026-09,succeeded,2026-09-15,4,0
t_3a9a5ebd5390,work,2026-09,succeeded,2026-09-16,54,1
t_5cd8b2b007ac,work,2026-09,succeeded,2026-09-16,4,0
t_5f997617138f,work,2026-09,abandoned,,1,0
t_20695bd8f9a1,work,2026-09,succeeded,2026-09-16,4,0
t_a5286b7e7717,work,2026-09,succeeded,2026-09-16,35,31
t_4be630d0043b,work,2026-09,succeeded,2026-09-16,64,60
t_b4ebad3c6868,work,2026-09,succeeded,2026-09-16,23,19
t_5d400577c822,work,2026-09,abandoned,,1,0
t_6e13e661a5b9,work,2026-09,abandoned,,1,0
t_57555e40a3ee,work,2026-09,abandoned,,1,0
t_d6dfac873e82,work,2026-09,succeeded,2026-09-16,5,1
t_abd8fc42654c,work,2026-09,succeeded,2026-09-16,5,1
t_0795b123fe60,work,2026-09,succeeded,2026-09-16,10,0
t_71b51115ec57,work,2026-09,succeeded,2026-09-16,4,0
t_5441dd1eb143,work,2026-09,succeeded,2026-09-16,4,0
t_dd5ae5a58194,work,2026-09,succeeded,2026-09-16,4,0
t_e4d1a6e41fec,work,2026-09,succeeded,2026-09-16,4,0
t_ddff4bdae993,work,2026-09,succeeded,2026-09-16,4,0
t_24ff617dd3b6,work,2026-09,succeeded,2026-09-16,4,0
t_954ca5572946,work,2026-09,succeeded,2026-09-16,4,0
t_845258e424fe,work,2026-09,other/open,,3,0
