era,task_id,classification,status,created_at,completed_at,latency_min,dispatch_or_retry
workgraph.1-era,t_904b56db39c0,work,done,2026-02-13T18:49:49.485849110+00:00,2026-02-13T19:21:37.996800687+00:00,31.8,
workgraph.1-era,t_05614c0cb89a,work,done,2026-02-13T18:48:48.819455027+00:00,2026-02-13T19:14:26.310307031+00:00,25.6,
workgraph.1-era,t_68bb2d427e43,work,done,2026-02-13T18:48:22.466864714+00:00,2026-02-13T19:11:01.403506339+00:00,22.6,
workgraph.1-era,t_fe6fa0d70abe,work,done,2026-02-13T18:47:59.284950141+00:00,2026-02-13T19:06:38.506852393+00:00,18.7,
workgraph.1-era,t_3e51c34382e2,work,done,2026-02-13T18:48:35.049519532+00:00,2026-02-13T19:18:17.789241783+00:00,29.7,
workgraph.1-era,t_dfefa0134909,work,done,2026-02-13T18:49:38.112786850+00:00,2026-02-13T19:09:12.459273488+00:00,19.6,
workgraph.1-era,t_93f404dfe2cb,work,done,2026-02-13T19:14:38.386814696+00:00,2026-02-13T19:23:05.751199461+00:00,8.5,
workgraph.1-era,t_21bfbbd7fc61,work,done,2026-02-13T18:50:00.859357010+00:00,2026-02-13T19:37:03.524448845+00:00,47.0,
workgraph.1-era,t_16c777fa1224,work,done,2026-02-13T18:47:21.266327495+00:00,2026-02-13T19:02:01.452692371+00:00,14.7,1
workgraph.1-era,t_ceb1f6823a30,work,done,2026-02-13T19:47:28.665810059+00:00,2026-02-13T19:48:26.305272531+00:00,1.0,
workgraph.1-era,t_d9fa3795d1ce,work,done,2026-02-13T18:47:35.900893151+00:00,2026-02-13T18:56:31.544509486+00:00,8.9,1
workgraph.1-era,t_1ccca0f76e70,work,done,2026-02-13T18:49:18.287146967+00:00,2026-02-13T19:10:06.191990072+00:00,20.8,1
workgraph.1-era,t_d66072e167dc,work,done,2026-02-13T18:47:48.342256141+00:00,2026-02-13T19:05:20.168176337+00:00,17.5,
workgraph.1-era,t_d0e8dc390bff,work,done,2026-02-13T18:49:09.873839381+00:00,2026-02-13T19:11:58.966497295+00:00,22.8,1
workgraph.1-era,t_3c4bc8490281,work,done,2026-02-13T18:49:25.239353749+00:00,2026-02-13T19:12:26.444585864+00:00,23.0,2
workgraph.1-era,t_2cf2a9915eae,work,done,2026-02-13T18:49:00.102548187+00:00,2026-02-13T19:07:17.884114289+00:00,18.3,
workgraph.1-era,t_615efea505a3,work,done,2026-02-13T18:48:08.940086824+00:00,2026-02-13T19:07:41.364334852+00:00,19.5,
wg.bak-era,t_90e245eab878,work,done,2026-04-07T20:23:25.466895147+00:00,2026-04-07T20:45:50.880768653+00:00,22.4,1
wg.bak-era,t_a70fad564416,work,done,2026-04-07T20:22:56.217041042+00:00,2026-04-07T20:38:02.547151755+00:00,15.1,
wg.bak-era,t_804181acf2b3,work,done,2026-04-07T20:23:18.047747370+00:00,2026-04-07T20:36:46.920019048+00:00,13.5,
wg.bak-era,t_ec19b86f14ab,work,done,2026-04-07T20:23:43.193409257+00:00,2026-04-07T20:50:19.035889319+00:00,26.6,
wg.bak-era,t_2835b083be4f,work,done,2026-04-07T20:42:57.224977684+00:00,2026-04-07T20:44:19.600649772+00:00,1.4,
wg.bak-era,t_67febaac1089,work,done,2026-04-07T20:22:19.153490615+00:00,2026-04-07T20:34:36.765751081+00:00,12.3,
wg.bak-era,t_bebda450c107,work,done,2026-04-07T20:22:46.971438014+00:00,2026-04-07T20:37:25.087327065+00:00,14.6,
wg.bak-era,t_477c5deed4dd,work,done,2026-04-07T19:20:27.014670688+00:00,2026-04-07T19:27:55.190441519+00:00,7.5,
wg.bak-era,t_52f70e0d13ff,work,done,2026-04-07T20:31:13.248088519+00:00,2026-04-07T20:35:04.406865668+00:00,3.9,
wg.bak-era,t_0714fa0ed031,work,done,2026-04-07T20:23:28.729092813+00:00,2026-04-07T20:36:32.811389139+00:00,13.1,
wg.bak-era,t_4e97ca58e18c,work,done,2026-04-07T20:22:23.307630238+00:00,2026-04-07T20:30:27.500543413+00:00,8.1,
wg.bak-era,t_a0cf66f8c2d3,work,done,2026-04-07T20:55:00.127241876+00:00,2026-04-07T20:57:17.322441337+00:00,2.3,
wg.bak-era,t_65e1d7728727,work,done,2026-04-07T20:23:10.122602332+00:00,2026-04-07T20:35:21.744308427+00:00,12.2,
wg.bak-era,t_d7828bc8af52,work,done,2026-04-07T20:22:41.195273436+00:00,2026-04-07T20:41:24.828787140+00:00,18.7,
wg.bak-era,t_febde3e2d26b,work,done,2026-04-07T20:23:06.969376315+00:00,2026-04-07T20:38:50.017023400+00:00,15.7,
wg.bak-era,t_153701bbd59a,governance,done,2026-04-07T20:24:02.958835182+00:00,2026-04-07T20:29:32.322051696+00:00,5.5,
wg-era,t_f3d7260a02f5,work,abandoned,2026-05-12T15:14:51.650361735+00:00,,,
wg-era,t_23c4fbfb4e46,work,done,2026-05-12T15:05:50.962428092+00:00,2026-05-12T15:23:29.800074686+00:00,17.6,2
wg-era,t_f5ee4a3da709,governance,done,2026-05-12T15:28:38.798937579+00:00,2026-05-12T15:33:12.306207006+00:00,4.6,1
wg-era,t_995021fd737d,work,done,2026-05-12T15:27:03.832062726+00:00,2026-05-12T15:39:36.409047186+00:00,12.5,1
wg-era,t_05a2c4735544,work,done,2026-05-12T15:26:28.136032310+00:00,2026-05-12T15:39:55.945963625+00:00,13.5,1
wg-era,t_5e3c86c0c107,work,done,2026-05-12T15:26:52.366698822+00:00,2026-05-12T15:41:12.563238172+00:00,14.3,1
wg-era,t_a334e877ed5a,work,done,2026-05-12T15:26:40.513153185+00:00,2026-05-12T15:42:31.971381894+00:00,15.9,1
wg-era,t_9e561bcb9f8b,work,done,2026-05-12T15:27:48.103031717+00:00,2026-05-12T15:45:49.176391097+00:00,18.0,1
wg-era,t_8646e5636282,work,done,2026-05-12T15:27:40.113192466+00:00,2026-05-12T15:48:45.643906638+00:00,21.1,1
wg-era,t_d82cb710e381,work,done,2026-05-12T15:27:58.780945353+00:00,2026-05-12T15:57:03.070934960+00:00,29.1,1
wg-era,t_7778decfeb84,work,done,2026-05-12T15:28:18.077318274+00:00,2026-05-12T16:05:54.348340036+00:00,37.6,1
wg-era,t_c44e7416be65,governance,abandoned,2026-05-14T21:34:40.390926161+00:00,,,
wg-era,t_af844510a972,governance,abandoned,2026-05-14T21:35:16.844993150+00:00,,,
wg-era,t_8c58c67b820b,governance,abandoned,2026-05-14T21:36:02.272221933+00:00,,,
wg-era,t_aa02b1fd0306,governance,abandoned,2026-05-14T22:08:07.958804625+00:00,,,
wg-era,t_8be4695355bd,work,done,2026-05-14T21:22:21.107200764+00:00,2026-05-14T22:22:18.809664146+00:00,60.0,2
wg-era,t_41f96b60799d,governance,done,2026-05-14T21:26:12.686132929+00:00,2026-05-14T22:33:02.804833931+00:00,66.8,1
wg-era,t_bf9bb1eed1d8,governance,done,2026-05-14T21:32:28.187374486+00:00,2026-05-14T22:35:53.688954595+00:00,63.4,1
wg-era,t_cc6503a3197e,governance,done,2026-05-14T21:31:59.936606786+00:00,2026-05-14T22:36:50.279440308+00:00,64.8,1
wg-era,t_de1cb3fe0a4b,governance,done,2026-05-14T21:32:52.676133305+00:00,2026-05-14T22:38:05.271426831+00:00,65.2,1
wg-era,t_dae67800f4ad,governance,done,2026-05-14T21:33:03.720212998+00:00,2026-05-14T22:38:27.576054405+00:00,65.4,1
wg-era,t_c00313df199a,work,done,2026-05-14T21:27:26.969150683+00:00,2026-05-14T22:39:08.288478133+00:00,71.7,1
wg-era,t_16df2a7a2a49,work,done,2026-05-14T21:33:55.450648900+00:00,2026-05-14T22:39:15.455069496+00:00,65.3,1
wg-era,t_94e7e859bb07,work,done,2026-05-14T21:27:15.941569752+00:00,2026-05-14T22:39:29.058738227+00:00,72.2,1
wg-era,t_08819980894b,governance,done,2026-05-14T21:32:40.936610177+00:00,2026-05-14T22:40:27.027708329+00:00,67.8,1
wg-era,t_c7ba1604ac18,governance,done,2026-05-14T21:36:19.319104629+00:00,2026-05-14T22:40:43.346835452+00:00,64.4,1
wg-era,t_db26b7e44bcb,work,done,2026-05-14T21:31:26.105125473+00:00,2026-05-14T22:42:58.851677205+00:00,71.5,1
wg-era,t_a43082e4e77d,work,done,2026-05-14T21:33:38.549069973+00:00,2026-05-14T22:44:21.339954340+00:00,70.7,1
wg-era,t_185b78a4199a,work,done,2026-05-14T21:33:22.108135251+00:00,2026-05-14T22:44:45.916362885+00:00,71.4,1
wg-era,t_a4590d2d4ea0,work,done,2026-05-14T21:26:45.041463048+00:00,2026-05-14T22:45:36.862646932+00:00,78.9,1
wg-era,t_e80e736546e0,governance,done,2026-05-14T21:36:46.469553246+00:00,2026-05-14T22:46:00.432474041+00:00,69.2,1
wg-era,t_a6ece2e11ef6,governance,done,2026-05-14T21:36:33.808916205+00:00,2026-05-14T22:46:56.849026912+00:00,70.4,1
wg-era,t_aa3833aa6fd9,work,done,2026-05-14T21:27:03.077160275+00:00,2026-05-14T22:48:05.202349213+00:00,81.0,1
wg-era,t_4f8c923f0281,governance,done,2026-05-14T21:34:14.806655318+00:00,2026-05-14T22:51:30.921368690+00:00,77.3,1
wg-era,t_fb6ab9c2b7e4,governance,done,2026-05-14T21:35:08.038867267+00:00,2026-05-14T22:51:36.069086279+00:00,76.5,1
wg-era,t_1e410408509d,governance,done,2026-05-14T22:04:44.947299292+00:00,2026-05-14T22:52:42.115116933+00:00,48.0,1
wg-era,t_6fbce6828859,work,done,2026-05-14T21:27:44.077279531+00:00,2026-05-14T22:52:52.629033655+00:00,85.1,1
wg-era,t_c3d8468132ec,governance,done,2026-05-14T21:34:50.557668999+00:00,2026-05-14T22:52:45.451127925+00:00,77.9,1
wg-era,t_2b1ec841c550,governance,done,2026-05-14T22:04:25.894935088+00:00,2026-05-14T22:52:56.025000401+00:00,48.5,1
wg-era,t_a61a11d2096d,governance,done,2026-05-14T21:34:26.701217855+00:00,2026-05-14T22:55:29.168830286+00:00,81.0,1
wg-era,t_0113f375c6f4,governance,done,2026-05-14T22:05:10.891580187+00:00,2026-05-14T22:58:33.296095180+00:00,53.4,1
wg-era,t_cfc4f189bcfd,governance,done,2026-05-14T21:35:36.470590530+00:00,2026-05-14T23:01:44.200063216+00:00,86.1,1
wg-era,t_10c8e1c8e114,governance,done,2026-05-14T21:35:49.445824953+00:00,2026-05-14T23:01:48.954859913+00:00,86.0,1
wg-era,t_9d8197fbb95f,work,done,2026-05-14T21:31:45.199969393+00:00,2026-05-14T23:02:39.577145704+00:00,90.9,1
wg-era,t_35c0686b4549,work,done,2026-05-14T21:30:36.038543760+00:00,2026-05-14T23:02:34.382115996+00:00,92.0,1
wg-era,t_815d67530275,work,done,2026-05-14T21:31:00.755513058+00:00,2026-05-14T23:03:23.085684266+00:00,92.4,1
wg-era,t_342fe25d43ed,work,done,2026-05-14T21:29:23.867968585+00:00,2026-05-14T23:03:45.822636170+00:00,94.4,1
wg-era,t_1c940823f548,work,done,2026-05-14T21:28:59.315108451+00:00,2026-05-14T23:04:15.005849461+00:00,95.3,1
wg-era,t_b65614446e94,work,done,2026-05-14T21:28:40.146741007+00:00,2026-05-14T23:07:56.329435092+00:00,99.3,1
wg-era,t_2cfb095b0cd1,work,done,2026-05-14T21:28:14.856999727+00:00,2026-05-14T23:08:46.269728440+00:00,100.5,1
wg-era,t_656f8a82bd09,work,done,2026-05-14T22:06:56.936744870+00:00,2026-05-14T23:11:04.842313699+00:00,64.1,1
wg-era,t_73b6ff7521ad,work,done,2026-05-14T21:37:14.898824477+00:00,2026-05-14T23:21:52.885505278+00:00,104.6,1
wg-era,t_53acbbf580eb,work,done,2026-05-14T22:16:10.461665917+00:00,2026-05-14T23:28:37.341035189+00:00,72.4,1
wg-era,t_b3e8af50a798,work,done,2026-05-14T22:18:10.145631023+00:00,2026-05-14T23:29:09.713704420+00:00,71.0,1
wg-era,t_f06b3565b180,work,done,2026-05-14T22:16:02.394235187+00:00,2026-05-14T23:29:25.067247012+00:00,73.4,1
wg-era,t_59ff889600ab,work,done,2026-05-14T22:15:53.958770454+00:00,2026-05-14T23:31:13.837733384+00:00,75.3,1
wg-era,t_1322b6f2109a,work,done,2026-05-14T22:15:46.344482107+00:00,2026-05-14T23:32:18.485753790+00:00,76.5,1
wg-era,t_4c0fbcd78d0d,work,done,2026-05-14T22:18:19.021119843+00:00,2026-05-14T23:32:21.761849974+00:00,74.0,1
wg-era,t_399a3c914b54,work,done,2026-05-14T22:17:54.139036157+00:00,2026-05-14T23:33:51.282281087+00:00,76.0,1
wg-era,t_40857ba3e34c,work,done,2026-05-14T22:18:01.690196278+00:00,2026-05-14T23:34:25.135658854+00:00,76.4,1
wg-era,t_2e7ae3a39922,work,done,2026-05-14T22:07:31.498111593+00:00,2026-05-14T23:42:35.624971566+00:00,95.1,1
wg-era,t_c39da51cdee1,work,done,2026-05-14T22:07:46.610603063+00:00,2026-05-15T00:01:13.139384703+00:00,113.4,1
wg-era,t_ed8ac04c3bfc,work,done,2026-05-14T23:58:44.030734514+00:00,2026-05-15T00:05:21.050143895+00:00,6.6,1
wg-era,t_50fae68188c5,work,done,2026-05-14T23:58:44.426113822+00:00,2026-05-15T00:06:53.049258729+00:00,8.1,1
wg-era,t_8093e4c3a6e8,work,done,2026-05-14T23:58:45.947980006+00:00,2026-05-15T00:07:46.815674879+00:00,9.0,1
wg-era,t_c4f7ced48de6,work,done,2026-05-14T23:58:45.188705684+00:00,2026-05-15T00:08:37.693317434+00:00,9.9,1
wg-era,t_550fefaf8f2e,work,done,2026-05-14T23:58:44.010168937+00:00,2026-05-15T00:10:05.409156030+00:00,11.4,1
wg-era,t_c201c13cef27,work,done,2026-05-14T23:49:42.147540128+00:00,2026-05-15T00:10:09.323321191+00:00,20.5,1
wg-era,t_8e854f948649,work,done,2026-05-14T23:58:45.565598910+00:00,2026-05-15T00:11:49.153517620+00:00,13.1,1
wg-era,t_5104a9304d10,governance,done,2026-05-14T23:50:03.480045183+00:00,2026-05-15T00:12:04.910728353+00:00,22.0,1
wg-era,t_5f852a2abb60,work,done,2026-05-14T23:58:46.331209784+00:00,2026-05-15T15:56:29.965210288+00:00,957.7,2
wg-era,t_0a25e56633bf,work,done,2026-05-14T23:58:44.806861833+00:00,2026-05-15T15:57:46.503194989+00:00,959.0,2
wg-era,t_c05cbffb401d,governance,done,2026-05-15T15:53:38.631566578+00:00,2026-05-15T16:01:12.819577365+00:00,7.6,1
wg-era,t_f69779bbe42b,governance,done,2026-05-15T15:53:16.272096619+00:00,2026-05-15T16:02:04.161557553+00:00,8.8,1
wg-era,t_49d7bc1a74e0,governance,done,2026-05-15T15:53:27.366895748+00:00,2026-05-15T16:06:59.903069493+00:00,13.5,1
wg-era,t_e5ec34d37429,work,done,2026-05-15T15:54:03.200915650+00:00,2026-05-15T16:21:13.543065958+00:00,27.2,1
wg-era,t_99ba236a95bc,work,done,2026-05-15T16:16:49.850103924+00:00,2026-05-15T16:28:22.182977442+00:00,11.5,1
wg-era,t_381889765289,work,done,2026-05-15T16:17:24.628114502+00:00,2026-05-15T16:28:43.260588547+00:00,11.3,1
wg-era,t_acfe181c5c0c,governance,done,2026-05-15T16:17:58.998530173+00:00,2026-05-15T16:29:38.680433367+00:00,11.7,1
wg-era,t_48b070edee2f,governance,done,2026-05-15T16:18:31.859099731+00:00,2026-05-15T16:30:05.617862666+00:00,11.6,1
wg-era,t_453ff1455ca7,work,done,2026-05-14T23:56:20.269903845+00:00,2026-05-15T16:46:53.295577503+00:00,1010.6,1
wg-era,t_430fec3ba0b0,work,done,2026-05-14T23:57:09.698663633+00:00,2026-05-15T16:57:41.916141025+00:00,1020.5,1
wg-era,t_3080458f6a6d,governance,done,2026-05-15T19:07:33.496154632+00:00,2026-05-15T19:11:57.899307053+00:00,4.4,1
wg-era,t_3be1b1020af2,governance,done,2026-05-15T19:11:48.296082221+00:00,2026-05-15T19:14:47.753883745+00:00,3.0,1
wg-era,t_fa721226933a,governance,done,2026-05-15T19:40:30.971740270+00:00,2026-05-15T19:43:36.060857887+00:00,3.1,1
wg-era,t_fbf0a3656b12,governance,done,2026-05-15T19:48:45.781010608+00:00,2026-05-15T19:55:27.755410653+00:00,6.7,1
wg-era,t_267064db4ed8,work,done,2026-05-15T19:55:30.549323810+00:00,2026-05-15T20:04:01.691859678+00:00,8.5,1
wg-era,t_af741c39de0f,governance,done,2026-05-15T20:02:37.185491610+00:00,2026-05-15T20:08:22.645007455+00:00,5.8,1
wg-era,t_d8b7f986d7a5,governance,done,2026-05-18T14:53:34.896444924+00:00,2026-05-18T14:58:36.177229653+00:00,5.0,1
wg-era,t_94f2bd80ebdb,governance,done,2026-05-18T14:46:09.995001137+00:00,2026-05-18T15:02:05.117203743+00:00,15.9,1
wg-era,t_9e1f36a1ae86,governance,done,2026-05-18T14:52:54.856483419+00:00,2026-05-18T15:05:29.446394796+00:00,12.6,1
wg-era,t_6ee0d2be9708,work,done,2026-05-18T16:54:19.342534539+00:00,2026-05-18T17:15:16.559816484+00:00,21.0,1
wg-era,t_51b00f4bf9a6,work,done,2026-05-18T16:53:57.170978682+00:00,2026-05-18T17:24:23.773094807+00:00,30.4,1
wg-era,t_048eeb4e8ff3,work,done,2026-05-18T16:53:37.094578402+00:00,2026-05-18T17:27:45.018374481+00:00,34.1,1
wg-era,t_dd2bd08d518a,work,done,2026-05-18T16:55:37.637901010+00:00,2026-05-18T17:32:25.518505933+00:00,36.8,1
wg-era,t_baa9467464e8,work,done,2026-05-18T16:54:42.892675374+00:00,2026-05-18T17:32:31.805051561+00:00,37.8,1
wg-era,t_0a2fb9f06860,work,done,2026-05-18T16:55:13.808314200+00:00,2026-05-18T17:46:36.523526615+00:00,51.4,1
wg-era,t_7f19dc245a1b,governance,done,2026-05-18T16:56:06.620539799+00:00,2026-05-18T18:00:01.819451496+00:00,63.9,1
wg-era,t_0aa498608953,work,done,2026-05-18T16:56:24.709135466+00:00,2026-05-18T18:07:14.857765947+00:00,70.8,1
wg-era,t_b562790d6534,work,done,2026-05-18T16:56:45.113468628+00:00,2026-05-18T18:14:24.545503157+00:00,77.7,1
wg-era,t_09501a034c88,work,done,2026-05-18T18:30:27.087603852+00:00,2026-05-18T18:56:14.877941467+00:00,25.8,1
wg-era,t_13337e254d43,governance,done,2026-05-18T18:34:05.204164111+00:00,2026-05-18T19:06:23.752286063+00:00,32.3,
wg-era,t_e689b5bc8c0f,work,done,2026-05-18T18:36:52.085332167+00:00,2026-05-18T19:07:03.612584165+00:00,30.2,1
wg-era,t_7c886e20c371,work,done,2026-05-18T19:05:00.183239964+00:00,2026-05-18T19:31:42.938565224+00:00,26.7,1
wg-era,t_920df29a59c8,work,done,2026-05-18T18:33:22.842588531+00:00,2026-05-18T19:40:36.116016250+00:00,67.2,1
wg-era,t_f4f9384a7d5c,work,done,2026-05-18T18:33:37.438845240+00:00,2026-05-18T19:50:06.023010779+00:00,76.5,1
wg-era,t_4a87b866079e,work,done,2026-05-18T18:33:56.490673660+00:00,2026-05-18T20:02:24.435309460+00:00,88.5,1
wg-era,t_e727e9ae4022,work,done,2026-05-18T21:58:31.449631565+00:00,2026-05-18T22:11:24.254134904+00:00,12.9,1
wg-era,t_154a47258096,work,done,2026-05-19T00:14:51.328513276+00:00,2026-05-19T00:29:43.849277580+00:00,14.9,1
wg-era,t_6849bef959d3,work,done,2026-05-19T00:14:28.903772390+00:00,2026-05-19T00:29:59.041985981+00:00,15.5,1
wg-era,t_9b2d5364189c,work,done,2026-05-19T00:15:01.617583477+00:00,2026-05-19T00:38:29.616623574+00:00,23.5,1
wg-era,t_81e1ad96150d,work,done,2026-05-19T00:15:14.623423535+00:00,2026-05-19T00:47:50.889997590+00:00,32.6,1
wg-era,t_99b6a7cb190e,work,done,2026-05-19T00:56:45.862315948+00:00,2026-05-19T01:02:12.900738686+00:00,5.5,1
wg-era,t_5f37b7ca5bb9,work,done,2026-05-19T00:56:55.861634727+00:00,2026-05-19T01:10:40.221469541+00:00,13.7,1
wg-era,t_28c65f20de10,work,done,2026-05-19T02:46:08.787115868+00:00,2026-05-19T03:15:04.179972028+00:00,28.9,1
wg-era,t_31c9ad208c9a,governance,done,2026-05-19T02:48:22.153368780+00:00,2026-05-19T03:26:43.009704190+00:00,38.3,1
wg-era,t_ce9419327b90,work,done,2026-05-19T02:46:18.274051788+00:00,2026-05-19T03:37:30.064121287+00:00,51.2,1
wg-era,t_a44cf9887b14,work,abandoned,2026-05-19T11:48:03.420699166+00:00,,,1
wg-era,t_a5724bef5e57,work,done,2026-05-19T11:47:54.481242605+00:00,2026-05-19T11:54:13.221266478+00:00,6.3,1
wg-era,t_2572c94c41c5,work,done,2026-05-19T12:02:37.384771502+00:00,2026-05-19T12:12:52.802960771+00:00,10.3,1
wg-era,t_b78a308fa1fb,work,done,2026-05-19T12:02:41.143509979+00:00,2026-05-19T12:14:36.148548917+00:00,11.9,1
wg-era,t_46919630f627,work,done,2026-05-19T12:02:29.867740550+00:00,2026-05-19T12:15:57.948184335+00:00,13.5,1
wg-era,t_26f6874b14af,work,done,2026-05-19T12:02:33.879095720+00:00,2026-05-19T12:18:01.900752379+00:00,15.5,1
wg-era,t_745501e35b27,work,done,2026-05-19T12:02:26.338712103+00:00,2026-05-19T12:29:57.511049191+00:00,27.5,3
wg-era,t_493ef0aae594,work,done,2026-05-19T12:03:04.122025702+00:00,2026-05-19T12:37:54.806970639+00:00,34.8,1
wg-era,t_6c43f90e7d95,work,done,2026-05-19T12:36:21.304165661+00:00,2026-05-19T12:45:47.826965207+00:00,9.4,1
wg-era,t_1f2f49cffd93,work,done,2026-05-19T12:34:25.418016877+00:00,2026-05-19T12:47:41.036106129+00:00,13.3,1
wg-era,t_f3d685f0350e,work,done,2026-05-19T12:37:03.500893170+00:00,2026-05-19T12:48:28.172509927+00:00,11.4,1
wg-era,t_567732537244,work,done,2026-05-19T12:35:47.449590829+00:00,2026-05-19T12:51:16.053242042+00:00,15.5,1
wg-era,t_592b567888b3,work,done,2026-05-19T12:35:13.109488849+00:00,2026-05-19T12:58:36.506972319+00:00,23.4,1
wg-era,t_b8e36c9e87ba,governance,done,2026-05-19T13:18:38.788943544+00:00,2026-05-19T13:29:23.180423127+00:00,10.7,1
wg-era,t_083a8628e313,governance,done,2026-05-19T15:37:54.740021626+00:00,2026-05-19T15:41:12.177625428+00:00,3.3,1
wg-era,t_539cb3842ef5,governance,done,2026-05-19T15:42:20.862501407+00:00,2026-05-19T15:45:32.372938256+00:00,3.2,1
wg-era,t_8879f91da28d,work,done,2026-05-19T16:31:55.256665113+00:00,2026-05-19T16:37:35.748387965+00:00,5.7,1
wg-era,t_da308220b4eb,work,done,2026-05-19T16:55:35.819503631+00:00,2026-05-19T17:10:49.200592677+00:00,15.2,1
wg-era,t_0ba3e98b087b,work,done,2026-05-19T20:31:24.072664215+00:00,2026-05-19T20:38:05.196071277+00:00,6.7,1
wg-era,t_f035f4246255,work,done,2026-05-19T20:31:32.061547480+00:00,2026-05-19T20:44:12.688198441+00:00,12.7,1
wg-era,t_b4e21dd79f7d,work,done,2026-05-19T20:32:11.729678871+00:00,2026-05-19T20:58:34.305450684+00:00,26.4,1
wg-era,t_b6337cbea868,work,done,2026-05-19T20:32:36.118508794+00:00,2026-05-19T21:01:54.499856896+00:00,29.3,1
wg-era,t_efc2d58ca0c1,work,done,2026-05-19T20:32:53.678752654+00:00,2026-05-19T21:08:46.140773002+00:00,35.9,1
wg-era,t_3ac1624b8937,work,done,2026-05-19T20:33:05.293703640+00:00,2026-05-19T21:28:35.883712118+00:00,55.5,1
wg-era,t_0d802ffb4742,work,done,2026-05-19T21:05:43.523689578+00:00,2026-05-19T21:36:23.800647976+00:00,30.7,1
wg-era,t_592fbc0aa2f3,work,done,2026-05-19T22:06:06.448863731+00:00,2026-05-19T22:09:10.478452520+00:00,3.1,1
wg-era,t_3f06fa89bc6d,work,done,2026-05-19T22:14:59.175244855+00:00,2026-05-19T22:23:46.632149389+00:00,8.8,1
wg-era,t_fbd85685ecf6,work,done,2026-05-19T22:14:55.671140654+00:00,2026-05-19T22:24:17.481880850+00:00,9.4,1
wg-era,t_3879f5fb4293,work,done,2026-05-19T22:14:51.587372921+00:00,2026-05-19T22:25:55.239215084+00:00,11.1,1
wg-era,t_f6576c30d110,work,done,2026-05-19T22:15:03.776429147+00:00,2026-05-19T22:26:49.090906953+00:00,11.8,1
wg-era,t_ff49ec10fd18,work,done,2026-05-19T22:15:23.000434251+00:00,2026-05-19T22:36:18.211487884+00:00,20.9,1
wg-era,t_ee79241a2aea,work,done,2026-05-19T22:15:33.492905474+00:00,2026-05-19T22:45:23.985317158+00:00,29.8,1
wg-era,t_7b4e487ac5d1,work,done,2026-05-19T22:15:38.468796724+00:00,2026-05-19T22:52:59.085186196+00:00,37.3,1
wg-era,t_58165b8e058f,work,done,2026-05-19T22:15:47.547416876+00:00,2026-05-19T23:10:42.180415767+00:00,54.9,1
wg-era,t_0dcb9a54b87c,work,done,2026-05-20T10:01:10.660219288+00:00,2026-05-20T10:04:22.571417701+00:00,3.2,1
wg-era,t_2adfb473ffda,work,done,2026-05-20T15:39:00.754259461+00:00,2026-05-20T15:42:45.875491062+00:00,3.8,1
wg-era,t_be6b74c44742,work,done,2026-05-20T15:39:41.292268153+00:00,2026-05-20T15:52:23.988094392+00:00,12.7,1
wg-era,t_04a379909bbb,work,done,2026-05-20T18:53:22.606325510+00:00,2026-05-20T18:57:58.184376530+00:00,4.6,1
wg-era,t_f0c6728d73a4,work,done,2026-05-20T18:53:06.145284039+00:00,2026-05-20T18:58:25.547232917+00:00,5.3,1
wg-era,t_a21ee9483238,work,done,2026-05-20T18:53:34.307027921+00:00,2026-05-20T19:06:52.410656499+00:00,13.3,1
wg-era,t_12ad17d5db3b,governance,done,2026-05-20T20:08:54.025801621+00:00,2026-05-20T20:12:28.763698530+00:00,3.6,1
wg-era,t_5671bdd432e3,work,done,2026-05-20T20:52:51.680827120+00:00,2026-05-21T11:35:49.688757605+00:00,883.0,1
wg-era,t_4a35822a2e23,work,done,2026-05-20T20:10:26.746029287+00:00,2026-05-21T11:38:15.709988334+00:00,927.8,1
wg-era,t_f9ac43f74dfd,work,done,2026-05-21T11:37:46.842007111+00:00,2026-05-21T11:43:44.898357888+00:00,6.0,1
wg-era,t_aa733de6e026,work,done,2026-05-21T11:43:32.508571777+00:00,2026-05-21T11:46:29.406306802+00:00,2.9,1
wg-era,t_83f42fccb4c9,work,done,2026-05-20T20:10:36.200489544+00:00,2026-05-21T11:48:45.077744128+00:00,938.1,1
wg-era,t_2ed8600acb04,work,done,2026-05-21T12:02:34.009648896+00:00,2026-05-21T12:15:47.986473045+00:00,13.2,1
wg-era,t_7b1062286636,work,done,2026-05-21T12:02:59.570404085+00:00,2026-05-21T12:41:18.378871658+00:00,38.3,1
wg-era,t_6a301f7a30e7,work,done,2026-05-21T12:03:11.346441029+00:00,2026-05-21T12:57:11.485518576+00:00,54.0,1
wg-era,t_52dbc24cb70d,work,done,2026-05-21T12:53:53.108528070+00:00,2026-05-21T13:05:22.592240183+00:00,11.5,1
wg-era,t_bbd000a5a51c,governance,done,2026-05-22T15:45:06.946946403+00:00,2026-05-22T15:49:11.592282129+00:00,4.1,1
wg-era,t_9b60f1510159,work,done,2026-05-22T15:48:02.520393119+00:00,2026-05-22T15:53:00.647878407+00:00,5.0,1
wg-era,t_a832ca78a325,governance,done,2026-05-22T15:53:25.899622481+00:00,2026-05-22T15:57:43.333305629+00:00,4.3,1
wg-era,t_75374c35b130,work,done,2026-05-22T15:58:21.724047273+00:00,2026-05-22T16:03:36.326793159+00:00,5.2,1
wg-era,t_3344183aa465,work,done,2026-05-22T18:49:21.801434009+00:00,2026-05-22T18:51:48.115061015+00:00,2.4,1
wg-era,t_77763bbdd51f,work,abandoned,2026-05-22T19:40:24.158233903+00:00,,,
wg-era,t_4c8f7ac4ca32,work,done,2026-05-22T19:32:30.857871724+00:00,2026-05-22T19:42:27.671566438+00:00,9.9,1
wg-era,t_c0bdeb13fb6d,work,done,2026-05-22T19:44:13.895174883+00:00,2026-05-22T20:02:57.303436085+00:00,18.7,1
wg-era,t_b8be595a38c7,work,done,2026-05-22T20:01:06.411363138+00:00,2026-05-22T20:12:07.117186178+00:00,11.0,1
wg-era,t_6d3156aa87d6,work,done,2026-05-22T19:44:26.362445940+00:00,2026-05-22T20:13:19.232851716+00:00,28.9,1
wg-era,t_5a7af4213ce5,work,done,2026-05-22T20:58:59.271114841+00:00,2026-05-22T21:08:34.607404861+00:00,9.6,1
wg-era,t_c4327ddd57cc,work,done,2026-05-22T20:59:15.778372242+00:00,2026-05-22T21:27:49.669731826+00:00,28.6,1
wg-era,t_1d6ada848359,work,done,2026-05-28T23:42:28.706808518+00:00,2026-05-28T23:59:21.106944388+00:00,16.9,1
wg-era,t_eaebc4ff2a14,work,done,2026-05-28T02:17:08.278020331+00:00,2026-05-28T02:39:22.963837031+00:00,22.2,1
wg-era,t_b927abcc495c,work,done,2026-05-26T20:31:16.973530369+00:00,2026-05-26T20:36:53.371486924+00:00,5.6,1
wg-era,t_5952b7d01409,work,done,2026-05-28T20:29:48.488904119+00:00,2026-05-28T20:50:09.106138122+00:00,20.3,1
wg-era,t_62fc56493231,work,done,2026-05-28T20:48:10.650344657+00:00,2026-05-28T20:53:17.565644154+00:00,5.1,1
wg-era,t_327f9eabd76f,work,done,2026-05-28T23:43:51.954726270+00:00,2026-05-29T00:14:01.988669572+00:00,30.2,1
wg-era,t_923c28ea738d,work,done,2026-05-26T20:31:16.037366165+00:00,2026-05-26T20:37:55.470053208+00:00,6.7,1
wg-era,t_23e105f9c6b2,work,done,2026-05-26T20:31:16.945643636+00:00,2026-05-26T20:40:32.682603317+00:00,9.3,1
wg-era,t_0937f94c5bbe,work,done,2026-05-28T13:11:45.337758855+00:00,2026-05-28T13:21:26.674034807+00:00,9.7,1
wg-era,t_b336b158544e,work,done,2026-05-26T20:28:46.585892450+00:00,2026-05-26T21:13:56.497542107+00:00,45.2,1
wg-era,t_4dd33419ffcd,work,done,2026-05-28T03:43:52.494096630+00:00,2026-05-28T03:55:44.452067260+00:00,11.9,1
wg-era,t_15e387785472,work,done,2026-05-28T04:34:03.235931718+00:00,2026-05-28T04:38:51.055690030+00:00,4.8,1
wg-era,t_d687d6fdef9d,work,done,2026-05-28T20:29:14.931636125+00:00,2026-05-28T20:39:01.770373795+00:00,9.8,1
wg-era,t_fd9189d021db,work,done,2026-05-26T21:15:43.562818520+00:00,2026-05-26T21:26:40.752275846+00:00,11.0,1
wg-era,t_ebc7dcc12867,work,done,2026-05-28T21:27:24.701223363+00:00,2026-05-28T21:34:41.624784989+00:00,7.3,1
wg-era,t_0881c75cbdd6,work,done,2026-05-28T20:29:48.451251822+00:00,2026-05-28T20:52:15.526621741+00:00,22.5,1
wg-era,t_677ccf8b9d30,work,done,2026-05-28T21:53:06.414072232+00:00,2026-05-28T22:00:04.780365667+00:00,7.0,1
wg-era,t_a10cc8e17d8b,work,done,2026-05-27T19:18:30.438400201+00:00,2026-05-27T19:21:23.136543511+00:00,2.9,1
wg-era,t_58c21f435b3e,work,done,2026-05-26T20:31:17.110785504+00:00,2026-05-26T20:48:04.129243536+00:00,16.8,1
wg-era,t_401b16b2a672,work,abandoned,2026-05-28T20:29:48.915838955+00:00,,,
wg-era,t_850898c76219,work,done,2026-05-28T04:51:26.615373014+00:00,2026-05-28T04:58:07.742510856+00:00,6.7,1
wg-era,t_6d21eaadcd38,work,done,2026-05-28T12:23:28.211448194+00:00,2026-05-28T12:27:06.578383722+00:00,3.6,1
wg-era,t_912d742a0fc4,work,done,2026-05-26T20:31:17.084969087+00:00,2026-05-26T20:40:30.390691170+00:00,9.2,1
wg-era,t_3057bf1d9001,work,done,2026-05-29T13:48:58.323902690+00:00,2026-05-29T14:03:58.014887905+00:00,15.0,1
wg-era,t_1ba488b21ce9,work,done,2026-05-28T21:44:07.448053243+00:00,2026-05-28T22:01:02.136813392+00:00,16.9,1
wg-era,t_04fa230f1911,work,done,2026-05-26T20:31:17.165178982+00:00,2026-05-26T20:46:58.346756954+00:00,15.7,1
wg-era,t_f0b778ab2d5c,work,done,2026-05-28T16:16:22.865098453+00:00,2026-05-28T16:21:54.538513402+00:00,5.5,1
wg-era,t_dab6b66abf65,work,done,2026-05-28T21:27:24.619823278+00:00,2026-05-28T21:31:10.749265155+00:00,3.8,1
wg-era,t_54360071864d,work,done,2026-05-28T21:27:22.150781227+00:00,2026-05-28T21:30:45.520565954+00:00,3.4,1
wg-era,t_bc3ab3be8c8d,work,done,2026-05-28T23:42:28.664626091+00:00,2026-05-28T23:58:34.716724818+00:00,16.1,1
wg-era,t_ab2e4213a72c,work,done,2026-05-28T20:28:26.666824644+00:00,2026-05-28T20:30:13.441547049+00:00,1.8,1
wg-era,t_1c961b5c45ee,work,done,2026-05-28T20:29:48.365594667+00:00,2026-05-28T20:50:27.907578926+00:00,20.7,1
wg-era,t_63e223220f96,work,done,2026-05-28T04:43:53.985267217+00:00,2026-05-28T04:56:21.835819686+00:00,12.5,1
wg-era,t_635e4b955360,work,done,2026-05-28T16:05:32.362042621+00:00,2026-05-28T16:17:33.815607365+00:00,12.0,1
wg-era,t_5bb1e08f313e,work,done,2026-05-28T18:28:13.426238254+00:00,2026-05-28T18:41:50.427302871+00:00,13.6,1
wg-era,t_093c06a225f3,work,done,2026-05-28T20:48:10.607342044+00:00,2026-05-28T20:56:57.617645260+00:00,8.8,1
wg-era,t_0841f20ed216,work,done,2026-05-28T20:29:42.067810056+00:00,2026-05-28T20:56:35.696693429+00:00,26.9,1
wg-era,t_2bff6235ef41,work,done,2026-05-27T21:22:13.121897142+00:00,2026-05-27T21:26:52.522233008+00:00,4.7,1
wg-era,t_4538e967104d,work,done,2026-05-29T00:21:01.576625184+00:00,2026-05-29T01:10:49.800544976+00:00,49.8,1
wg-era,t_8118fd98011e,work,done,2026-05-28T21:44:03.572105668+00:00,2026-05-28T21:58:05.498360427+00:00,14.0,1
wg-era,t_a46c85213086,work,done,2026-05-28T03:43:00.559049374+00:00,2026-05-28T03:48:39.447882447+00:00,5.6,1
wg-era,t_5591e6d8fd94,work,done,2026-05-28T18:57:15.662268025+00:00,2026-05-28T19:31:16.325440516+00:00,34.0,1
wg-era,t_8ad3e20bcdf6,work,done,2026-05-28T11:43:14.175383206+00:00,2026-05-28T12:11:38.611464318+00:00,28.4,1
wg-era,t_b4df91462b03,work,abandoned,2026-05-28T20:29:48.721587357+00:00,,,1
wg-era,t_1122a848c9f6,work,abandoned,2026-05-28T16:05:33.377395754+00:00,,,
wg-era,t_b711f2c808de,work,done,2026-05-28T19:42:43.611582910+00:00,2026-05-28T19:49:40.660830219+00:00,7.0,1
wg-era,t_221e08b71c91,work,done,2026-05-28T20:32:20.532971450+00:00,2026-05-28T21:13:29.509919895+00:00,41.1,1
wg-era,t_4d6373761b9d,work,done,2026-05-28T14:30:30.018293174+00:00,2026-05-28T14:37:58.677897487+00:00,7.5,1
wg-era,t_42aed16b4004,work,done,2026-05-28T18:44:02.351346438+00:00,2026-05-28T18:55:04.146767207+00:00,11.0,1
wg-era,t_455c727ff81e,work,done,2026-05-27T21:11:36.632569975+00:00,2026-05-27T21:14:18.879334190+00:00,2.7,1
wg-era,t_73fad56efb7c,work,done,2026-05-28T12:23:28.270052870+00:00,2026-05-28T12:26:46.069389664+00:00,3.3,1
wg-era,t_7302f6c56683,work,abandoned,2026-05-28T16:05:33.597788794+00:00,,,
wg-era,t_5487c9db2cb6,work,done,2026-05-28T21:39:54.248842049+00:00,2026-05-28T22:05:40.824383719+00:00,25.8,1
wg-era,t_48fdde09eac7,work,done,2026-05-28T12:23:28.237015430+00:00,2026-05-28T12:27:11.467769224+00:00,3.7,1
wg-era,t_aea24a370e9e,work,done,2026-05-28T12:05:24.144308448+00:00,2026-05-28T12:13:05.048947652+00:00,7.7,1
wg-era,t_74dbe4c1b8a9,work,done,2026-05-28T12:26:10.611217172+00:00,2026-05-28T12:34:20.868315393+00:00,8.2,1
wg-era,t_a8cc4dbcfce6,work,done,2026-05-28T20:29:45.439589635+00:00,2026-05-28T20:48:56.441028353+00:00,19.2,1
wg-era,t_8845591648ef,work,abandoned,2026-05-28T16:06:12.161701599+00:00,,,
wg-era,t_6cac620c24c1,work,done,2026-05-28T16:53:12.159121+00:00,2026-05-28T17:03:56.308704447+00:00,10.7,1
wg-era,t_e1c9d8da9d44,work,done,2026-05-26T20:31:17.137964437+00:00,2026-05-26T20:42:47.166399044+00:00,11.5,1
wg-era,t_e00f18d4e0ee,work,done,2026-05-28T20:29:48.599501408+00:00,2026-05-28T20:50:21.933249157+00:00,20.6,1
wg-era,t_56d7f2d5a1ef,work,done,2026-05-28T03:41:38.873746269+00:00,2026-05-28T03:53:39.226034046+00:00,12.0,1
wg-era,t_159bedc452d4,work,done,2026-05-28T17:12:03.052950788+00:00,2026-05-28T17:25:34.547634669+00:00,13.5,1
wg-era,t_69f872294155,work,done,2026-05-28T21:54:31.942413739+00:00,2026-05-28T22:10:56.936301156+00:00,16.4,1
wg-era,t_2f555815f855,work,done,2026-05-28T12:25:51.467594482+00:00,2026-05-28T12:28:19.614613591+00:00,2.5,1
wg-era,t_b4028dfaf7bb,work,done,2026-05-29T00:19:30.292141133+00:00,2026-05-29T00:30:14.718502819+00:00,10.7,1
wg-era,t_f4eb6e0be357,work,done,2026-05-28T19:42:43.867672828+00:00,2026-05-28T19:54:29.278841005+00:00,11.8,1
wg-era,t_988b0f4d2129,work,done,2026-05-28T23:42:28.620205624+00:00,2026-05-28T23:58:21.798862580+00:00,15.9,1
wg-era,t_4bbdfb7ae3cd,work,done,2026-05-29T13:01:33.788601203+00:00,2026-05-29T13:15:16.355994895+00:00,13.7,1
wg-era,t_a616289494a2,work,done,2026-05-28T15:16:30.250334850+00:00,2026-05-28T15:35:11.389706977+00:00,18.7,1
wg-era,t_58343c4ccd0f,work,done,2026-05-27T18:40:13.593792081+00:00,2026-05-27T18:49:53.396477506+00:00,9.7,1
wg-era,t_3ea13aec06b6,work,done,2026-05-28T19:42:43.646929165+00:00,2026-05-28T19:49:21.616328420+00:00,6.6,1
wg-era,t_7cff47234c9c,work,done,2026-05-28T21:44:07.365631176+00:00,2026-05-28T21:58:48.930642353+00:00,14.7,1
wg-era,t_43b4a5861333,work,abandoned,2026-05-28T21:35:20.160433596+00:00,,,1
wg-era,t_16c31cc50e0e,work,done,2026-05-28T15:50:28.893220610+00:00,2026-05-28T16:04:48.960339541+00:00,14.3,1
wg-era,t_a3f9c08b9133,work,done,2026-05-28T15:18:38.654799096+00:00,2026-05-28T15:41:18.784508622+00:00,22.7,1
wg-era,t_5ca381c48060,work,done,2026-05-28T18:18:20.327229413+00:00,2026-05-28T18:35:03.864341483+00:00,16.7,2
wg-era,t_980c0afb85d9,work,done,2026-05-26T20:23:00.325863717+00:00,2026-05-26T20:35:13.424066529+00:00,12.2,1
wg-era,t_273aa9cf4a30,work,done,2026-05-28T16:48:51.973100597+00:00,2026-05-28T16:53:24.659552648+00:00,4.5,1
wg-era,t_6c91008bfd21,work,done,2026-05-28T20:29:48.868484126+00:00,2026-05-28T20:57:46.116295535+00:00,28.0,1
wg-era,t_a7ec3e832dd9,work,done,2026-05-28T21:27:24.787298935+00:00,2026-05-28T21:33:24.336259742+00:00,6.0,1
wg-era,t_a399eeb954dc,work,done,2026-05-28T15:50:08.224292855+00:00,2026-05-28T15:57:21.206116417+00:00,7.2,1
wg-era,t_6519b7a60a80,work,done,2026-05-28T19:42:43.716969257+00:00,2026-05-28T19:53:23.543133686+00:00,10.7,1
wg-era,t_e680f4ba3ecf,work,done,2026-05-26T20:31:17.031262658+00:00,2026-05-26T20:37:52.155499076+00:00,6.6,1
wg-era,t_9c01cf0a2dea,work,done,2026-05-28T13:35:05.497882752+00:00,2026-05-28T13:45:22.877644987+00:00,10.3,1
wg-era,t_ba176ab98237,work,done,2026-05-28T20:29:48.562012435+00:00,2026-05-28T20:58:21.817626795+00:00,28.6,1
wg-era,t_e8e1af41d6ae,work,abandoned,2026-05-27T21:56:35.880489634+00:00,,,1
wg-era,t_4d33fdf06e45,work,done,2026-05-28T21:29:24.123046972+00:00,2026-05-28T21:41:14.262903620+00:00,11.8,1
wg-era,t_5cec0231161e,work,done,2026-05-29T13:29:18.321873201+00:00,2026-05-29T13:43:46.699167590+00:00,14.5,1
wg-era,t_8da021a616ea,work,done,2026-05-28T19:42:43.762682122+00:00,2026-05-28T19:52:23.250582509+00:00,9.7,1
wg-era,t_d829db3496d9,work,done,2026-05-28T21:43:38.319361446+00:00,2026-05-28T21:49:25.028117211+00:00,5.8,1
wg-era,t_8423cd0ca77c,work,done,2026-05-28T12:23:28.298197817+00:00,2026-05-28T12:27:17.812225679+00:00,3.8,1
wg-era,t_fb8efe6abf29,work,done,2026-05-28T12:23:28.324116142+00:00,2026-05-28T12:27:23.627460421+00:00,3.9,1
wg-era,t_020b4d43dad3,work,done,2026-05-28T19:43:08.530498868+00:00,2026-05-28T20:00:26.709833753+00:00,17.3,1
wg-era,t_6e7b6db4c28d,work,done,2026-05-26T20:31:17.058552455+00:00,2026-05-26T20:39:54.072364241+00:00,8.6,1
wg-era,t_8ddfeecd2b94,work,done,2026-05-28T18:28:15.860507264+00:00,2026-05-28T18:47:52.747849356+00:00,19.6,1
wg-era,t_967179b8cb35,work,done,2026-05-28T14:30:55.423384897+00:00,2026-05-28T14:39:35.086632882+00:00,8.7,1
wg-era,t_fcb740fe92b2,work,done,2026-05-28T19:42:43.441044943+00:00,2026-05-28T19:48:19.805480343+00:00,5.6,1
wg-era,t_9d55426fe940,work,done,2026-05-28T20:29:48.831007753+00:00,2026-05-28T20:59:36.976848321+00:00,29.8,1
wg-era,t_fd43db30b992,work,done,2026-05-27T21:02:01.727475239+00:00,2026-05-27T21:04:46.513603716+00:00,2.7,1
wg-era,t_ebf1548b78b7,work,done,2026-05-28T23:42:28.561612094+00:00,2026-05-29T00:00:35.443276451+00:00,18.1,1
wg-era,t_7addb0a90b0d,work,done,2026-05-28T21:44:07.407871022+00:00,2026-05-28T22:00:20.594815715+00:00,16.2,1
wg-era,t_d25c0df0dce8,work,done,2026-05-28T19:42:43.799531867+00:00,2026-05-28T19:54:19.059342227+00:00,11.6,1
wg-era,t_31d4aa50a2b4,work,abandoned,2026-05-28T16:05:33.438553689+00:00,,,
wg-era,t_458ff52eb163,work,done,2026-05-28T14:31:16.666119191+00:00,2026-05-28T14:51:03.904092086+00:00,19.8,1
wg-era,t_b8e90ec39124,work,abandoned,2026-05-28T16:05:33.695515904+00:00,,,
wg-era,t_9186ab77df67,work,done,2026-05-28T13:13:03.089720229+00:00,2026-05-28T13:33:49.370052946+00:00,20.8,1
wg-era,t_966eeb386745,work,abandoned,2026-05-29T03:39:24.968608681+00:00,,,
wg-era,t_74385804cc08,work,done,2026-05-28T17:10:05.209420073+00:00,2026-05-28T17:17:45.947854028+00:00,7.7,1
wg-era,t_e531fef3ff52,work,done,2026-05-28T16:12:17.154370577+00:00,2026-05-28T16:31:25.997848758+00:00,19.1,1
wg-era,t_459eafa537f1,work,done,2026-05-28T21:38:02.304152850+00:00,2026-05-28T21:56:54.924481183+00:00,18.9,1
wg-era,t_f305751155bf,work,done,2026-05-28T20:29:48.525695744+00:00,2026-05-28T20:50:09.139848324+00:00,20.3,1
wg-era,t_793f31b64401,work,done,2026-05-28T19:42:43.577407917+00:00,2026-05-28T19:49:05.706674134+00:00,6.4,1
wg-era,t_4269e37546e2,work,done,2026-05-28T13:12:40.748357865+00:00,2026-05-28T13:20:50.944407022+00:00,8.2,1
wg-era,t_4e757e222e75,work,abandoned,2026-05-28T16:05:55.552800958+00:00,,,
wg-era,t_7a61890aad93,work,done,2026-05-28T23:42:25.350186535+00:00,2026-05-29T00:00:50.336708305+00:00,18.4,1
wg-era,t_71f8ca3f1094,work,done,2026-05-26T20:31:17.000189868+00:00,2026-05-26T20:38:38.521466769+00:00,7.4,1
wg-era,t_3841c757e6bf,work,done,2026-05-28T16:48:25.030356498+00:00,2026-05-28T16:56:19.087155124+00:00,7.9,2
wg-era,t_8e3832c659d8,work,done,2026-05-28T19:42:43.681807937+00:00,2026-05-28T19:49:05.648679327+00:00,6.4,1
wg-era,t_3e762e84e3ea,work,done,2026-05-28T16:05:33.509248022+00:00,2026-05-28T16:19:48.164360531+00:00,14.2,1
wg-era,t_d3cf8626046a,work,done,2026-05-27T18:42:52.051686126+00:00,2026-05-27T18:57:27.546610657+00:00,14.6,1
wg-era,t_16252c845538,work,done,2026-05-28T20:29:48.795392841+00:00,2026-05-28T20:54:21.876468774+00:00,24.6,1
wg-era,t_4835fae0a6bc,governance,done,2026-05-28T16:35:02.699125150+00:00,2026-05-28T16:44:19.277353143+00:00,9.3,1
wg-era,t_750192a09233,work,done,2026-05-28T12:23:28.349316239+00:00,2026-05-28T12:27:07.217360996+00:00,3.6,1
wg-era,t_c5c83006370b,work,abandoned,2026-05-28T16:05:33.566836432+00:00,,,
wg-era,t_33fafacf6221,work,done,2026-05-28T16:12:50.676213425+00:00,2026-05-28T16:43:45.181695234+00:00,30.9,1
wg-era,t_2d746e7b95ab,work,done,2026-05-28T20:29:48.401117417+00:00,2026-05-28T20:53:25.558281354+00:00,23.6,1
wg-era,t_dab2f2d3887e,work,done,2026-05-28T16:05:33.472113572+00:00,2026-05-28T16:19:34.942291666+00:00,14.0,1
wg-era,t_dd7c8ebe3242,work,done,2026-05-28T21:44:03.613808210+00:00,2026-05-28T21:55:41.978111369+00:00,11.6,1
wg-era,t_d8af53fc1248,work,done,2026-05-27T18:43:53.104515791+00:00,2026-05-27T19:03:17.143660477+00:00,19.4,1
wg-era,t_e96424b7dba6,work,done,2026-05-27T21:30:32.346279575+00:00,2026-05-27T21:33:02.584120112+00:00,2.5,1
wg-era,t_d664a5ff0a16,work,done,2026-05-28T20:29:48.636309092+00:00,2026-05-28T20:55:52.761748701+00:00,26.1,1
wg-era,t_fdd6097fb176,work,done,2026-05-28T02:31:32.025521496+00:00,2026-05-28T02:43:58.139895687+00:00,12.4,1
wg-era,t_b5363d09e726,work,done,2026-05-28T21:26:53.909870989+00:00,2026-05-28T21:31:54.363778393+00:00,5.0,1
wg-era,t_ccd58cf8981f,work,done,2026-05-28T20:51:24.062219175+00:00,2026-05-28T21:32:17.853308939+00:00,40.9,1
wg-era,t_93722aa915e8,work,done,2026-05-28T23:42:28.516598731+00:00,2026-05-28T23:57:24.501773216+00:00,14.9,1
wg-era,t_1bc0b3708954,work,abandoned,2026-05-28T16:05:33.628591573+00:00,,,
wg-era,t_187119dbead0,work,done,2026-05-27T20:34:52.663614954+00:00,2026-05-27T20:53:20.634083178+00:00,18.5,1
wg-era,t_3653303ce390,work,done,2026-05-28T21:44:03.672093208+00:00,2026-05-28T21:56:55.022839174+00:00,12.9,1
wg-era,t_7be17ec47af8,work,done,2026-05-28T20:29:48.683325193+00:00,2026-05-28T20:50:05.926283591+00:00,20.3,1
wg-era,t_efd5786efd31,work,done,2026-05-28T15:15:15.113113904+00:00,2026-05-28T15:17:24.511355601+00:00,2.2,1
wg-era,t_c407e888ef5a,work,done,2026-05-28T21:27:24.660307370+00:00,2026-05-28T21:32:35.700570787+00:00,5.2,1
wg-era,t_83b606de41bd,work,done,2026-05-28T20:18:39.090151536+00:00,2026-05-28T20:23:28.973669491+00:00,4.8,1
wg-era,t_ad128a4e3bdf,work,done,2026-05-29T00:22:17.984409314+00:00,2026-05-29T00:29:28.834667963+00:00,7.2,1
wg-era,t_4be0c437a545,work,done,2026-05-28T23:42:00.255442712+00:00,2026-05-28T23:50:39.967615149+00:00,8.7,1
wg-era,t_0cc18a3e67a5,work,done,2026-05-28T19:42:43.543555762+00:00,2026-05-28T19:49:05.616660612+00:00,6.4,1
wg-era,t_a79df895549a,work,abandoned,2026-05-28T16:05:33.408535822+00:00,,,
wg-era,t_cd9949638bb0,work,done,2026-05-28T19:42:43.509266346+00:00,2026-05-28T19:49:05.582771197+00:00,6.4,1
wg-era,t_aaf43388d319,work,done,2026-05-28T16:05:33.659659739+00:00,2026-05-28T16:14:58.598627880+00:00,9.4,1
wg-era,t_ca51daa9c3c1,work,done,2026-05-28T21:27:24.744939412+00:00,2026-05-28T21:33:28.179320680+00:00,6.1,1
wg-era,t_2464b9d9d50b,work,done,2026-05-28T22:53:12.525012193+00:00,2026-05-28T23:11:36.574252960+00:00,18.4,1
wg-era,t_2136bfc927f6,work,done,2026-05-26T20:34:06.062604370+00:00,2026-05-26T20:57:54.174606444+00:00,23.8,1
wg-era,t_ec75fc84d35b,work,done,2026-05-29T12:43:56.158149514+00:00,2026-05-29T12:57:54.408431881+00:00,14.0,1
wg-era,t_395dcf9be226,work,done,2026-05-28T22:50:30.541779859+00:00,2026-05-28T23:00:25.060683740+00:00,9.9,1
wg-era,t_fe5e8fe3cf0e,work,done,2026-05-28T13:12:05.592687383+00:00,2026-05-28T13:22:19.072709291+00:00,10.2,1
wg-era,t_c12cdf30c202,work,done,2026-05-28T20:29:48.758057822+00:00,2026-05-28T20:54:45.733476064+00:00,24.9,1
wg-era,t_180088996d30,work,done,2026-05-28T22:07:53.478698082+00:00,2026-05-28T22:37:49.278169506+00:00,29.9,1
wg-era,t_dba42d78c9eb,work,done,2026-05-28T19:42:43.833181326+00:00,2026-05-28T19:53:57.672711337+00:00,11.2,1
wg-era,t_c66a864b0c4a,work,abandoned,2026-05-28T16:05:33.537811951+00:00,,,
wg-era,t_e607b907b027,work,abandoned,2026-05-28T19:23:59.971092818+00:00,,,1
wg-era,t_a86065e348cb,work,done,2026-05-28T20:39:55.098270611+00:00,2026-05-28T20:42:57.021179474+00:00,3.0,1
wg-era,t_0d183d22c0f2,work,done,2026-05-29T00:31:20.788648783+00:00,2026-05-29T01:22:37.538449034+00:00,51.3,1
wg-era,t_04c6f6613ca0,work,done,2026-05-28T15:15:47.400706749+00:00,2026-05-28T15:17:44.160019682+00:00,1.9,1
wg-era,t_49fdf8ab5247,work,done,2026-05-28T19:42:43.474726143+00:00,2026-05-28T19:49:23.885390074+00:00,6.7,1
wg-era,t_555722ae0b7f,work,done,2026-05-28T14:16:27.155608183+00:00,2026-05-28T14:24:22.163726560+00:00,7.9,1
wg-era,t_5a95cad5e405,work,done,2026-05-28T22:45:15.465900609+00:00,2026-05-28T22:51:06.933036989+00:00,5.9,1
wg-era,t_fbb24297cbef,work,done,2026-05-28T14:24:21.978794939+00:00,2026-05-28T14:41:00.116793260+00:00,16.6,1
wg-era,t_49e25819ae6f,work,done,2026-05-28T18:28:10.953095647+00:00,2026-05-28T18:41:08.216419236+00:00,13.0,1
wg-era,t_56766b4b057e,work,done,2026-05-27T22:01:30.067786564+00:00,2026-05-27T22:09:25.798626436+00:00,7.9,1
wg-era,t_3f83370b3b9a,work,done,2026-05-29T14:10:11.450426306+00:00,2026-05-29T14:16:55.988812070+00:00,6.7,1
wg-era,t_71a73190f57f,work,done,2026-05-28T15:45:38.015014924+00:00,2026-05-28T15:48:07.429208810+00:00,2.5,1
wg-era,t_7d0417193fcd,work,done,2026-05-28T14:16:51.021887373+00:00,2026-05-28T14:29:30.217758890+00:00,12.7,1
wg-era,t_331eb089bf28,work,done,2026-05-29T01:51:15.016201168+00:00,2026-05-29T02:34:15.178088279+00:00,43.0,1
